inactiveid,,,,,,
custimport_nsts_csvi_it_v2_1_0.xml,,,,,,
custimport_1_4866942_897.xml,,,,,,
custimport_3_4866942_897.xml,,,,,,
custimport_4_4866942_897.xml,,,,,,
custimport_6_4866942_897.xml,,,,,,
custimport_7_4866942_897.xml,,,,,,
custimport_8_4866942_897.xml,,,,,,
custimport_9_4866942_897.xml,,,,,,
custimport_11_4866942_897.xml,,,,,,
custimport_12_4866942_897.xml,,,,,,
custimport_13_4866942_897.xml,,,,,,
custimport_14_4866942_897.xml,,,,,,
custimport_19_4866942_897.xml,,,,,,
custimport_21_4866942_897.xml,,,,,,
custimport_24_4866942_897.xml,,,,,,
custimport_25_4866942_897.xml,,,,,,
custimport_50_4205447_262.xml,,,,,,
